direction,horizon_minutes,model,term,coefficient
liquidity_to_flow,15,baseline,intercept,0.5644801393727185
liquidity_to_flow,15,baseline,current_absolute_common_flow,0.17110503838806845
liquidity_to_flow,15,baseline,utc_sin,0.04643143870352875
liquidity_to_flow,15,baseline,utc_cos,0.04024070666324726
liquidity_to_flow,15,baseline,weekday_1,0.006320419661105012
liquidity_to_flow,15,baseline,weekday_2,0.040056471339073245
liquidity_to_flow,15,baseline,weekday_3,0.044069020651081404
liquidity_to_flow,15,baseline,weekday_4,0.07337967742047775
liquidity_to_flow,15,baseline,weekday_5,0.14700576557509695
liquidity_to_flow,15,baseline,weekday_6,0.13552804313207278
liquidity_to_flow,15,augmented,intercept,0.5688348975603339
liquidity_to_flow,15,augmented,current_absolute_common_flow,0.16871248532876623
liquidity_to_flow,15,augmented,common_spread,-0.016220102929398676
liquidity_to_flow,15,augmented,common_depth_depletion,0.002669733066648292
liquidity_to_flow,15,augmented,common_abs_imbalance,0.012673296685643716
liquidity_to_flow,15,augmented,utc_sin,0.047039850785504274
liquidity_to_flow,15,augmented,utc_cos,0.039535427136639247
liquidity_to_flow,15,augmented,weekday_1,0.005375005783668982
liquidity_to_flow,15,augmented,weekday_2,0.03310569379262834
liquidity_to_flow,15,augmented,weekday_3,0.03923254804091688
liquidity_to_flow,15,augmented,weekday_4,0.07464886420687834
liquidity_to_flow,15,augmented,weekday_5,0.1479690233578882
liquidity_to_flow,15,augmented,weekday_6,0.12964620210044997
liquidity_to_flow,30,baseline,intercept,0.5952362548566801
liquidity_to_flow,30,baseline,current_absolute_common_flow,0.1255899432086062
liquidity_to_flow,30,baseline,utc_sin,0.04588859868462048
liquidity_to_flow,30,baseline,utc_cos,0.04542235262729341
liquidity_to_flow,30,baseline,weekday_1,0.002158388224416648
liquidity_to_flow,30,baseline,weekday_2,0.04375304717821256
liquidity_to_flow,30,baseline,weekday_3,0.04976757014711344
liquidity_to_flow,30,baseline,weekday_4,0.07750449941217513
liquidity_to_flow,30,baseline,weekday_5,0.15797133723755036
liquidity_to_flow,30,baseline,weekday_6,0.13876133662238607
liquidity_to_flow,30,augmented,intercept,0.6016128489787903
liquidity_to_flow,30,augmented,current_absolute_common_flow,0.1227091349883797
liquidity_to_flow,30,augmented,common_spread,-0.024993303474262072
liquidity_to_flow,30,augmented,common_depth_depletion,0.015630060919449504
liquidity_to_flow,30,augmented,common_abs_imbalance,0.005934238338462843
liquidity_to_flow,30,augmented,utc_sin,0.04591435859781122
liquidity_to_flow,30,augmented,utc_cos,0.04603827095191231
liquidity_to_flow,30,augmented,weekday_1,-0.00024679801984896053
liquidity_to_flow,30,augmented,weekday_2,0.03350967153212758
liquidity_to_flow,30,augmented,weekday_3,0.0412666765746735
liquidity_to_flow,30,augmented,weekday_4,0.0778594327501135
liquidity_to_flow,30,augmented,weekday_5,0.15868364916660105
liquidity_to_flow,30,augmented,weekday_6,0.13163148922690016
liquidity_to_flow,60,baseline,intercept,0.6374488321556075
liquidity_to_flow,60,baseline,current_absolute_common_flow,0.07304438919596809
liquidity_to_flow,60,baseline,utc_sin,0.04186732836574945
liquidity_to_flow,60,baseline,utc_cos,0.05499632918797081
liquidity_to_flow,60,baseline,weekday_1,-0.013103860967842143
liquidity_to_flow,60,baseline,weekday_2,0.04121976673938401
liquidity_to_flow,60,baseline,weekday_3,0.04642558709617854
liquidity_to_flow,60,baseline,weekday_4,0.08238625173493633
liquidity_to_flow,60,baseline,weekday_5,0.15787171782706894
liquidity_to_flow,60,baseline,weekday_6,0.14042615359481955
liquidity_to_flow,60,augmented,intercept,0.6426877465562306
liquidity_to_flow,60,augmented,current_absolute_common_flow,0.0753289042228959
liquidity_to_flow,60,augmented,common_spread,-0.039500399867868304
liquidity_to_flow,60,augmented,common_depth_depletion,-0.008324326572039777
liquidity_to_flow,60,augmented,common_abs_imbalance,-0.01939918039617594
liquidity_to_flow,60,augmented,utc_sin,0.038191564312626866
liquidity_to_flow,60,augmented,utc_cos,0.057493385296240936
liquidity_to_flow,60,augmented,weekday_1,-0.018190535789175677
liquidity_to_flow,60,augmented,weekday_2,0.026259263658300707
liquidity_to_flow,60,augmented,weekday_3,0.03095456058014649
liquidity_to_flow,60,augmented,weekday_4,0.08114206584218284
liquidity_to_flow,60,augmented,weekday_5,0.15563442011668843
liquidity_to_flow,60,augmented,weekday_6,0.13432617849901754
flow_to_liquidity,15,baseline,intercept,0.053053112733407765
flow_to_liquidity,15,baseline,current_liquidity_stress,0.39155345532347907
flow_to_liquidity,15,baseline,utc_sin,-0.05957437922120962
flow_to_liquidity,15,baseline,utc_cos,0.02578166891770313
flow_to_liquidity,15,baseline,weekday_1,-0.04052861981876919
flow_to_liquidity,15,baseline,weekday_2,-0.11848565852740603
flow_to_liquidity,15,baseline,weekday_3,-0.14828693338221408
flow_to_liquidity,15,baseline,weekday_4,-0.0025954376610805587
flow_to_liquidity,15,baseline,weekday_5,-0.025603928826273107
flow_to_liquidity,15,baseline,weekday_6,-0.005891947679844776
flow_to_liquidity,15,augmented,intercept,0.015035354229803101
flow_to_liquidity,15,augmented,current_liquidity_stress,0.38872677153518587
flow_to_liquidity,15,augmented,current_absolute_common_flow,0.05603206154263358
flow_to_liquidity,15,augmented,utc_sin,-0.06317830855076102
flow_to_liquidity,15,augmented,utc_cos,0.023422662942726498
flow_to_liquidity,15,augmented,weekday_1,-0.04140344753281293
flow_to_liquidity,15,augmented,weekday_2,-0.12147854754815576
flow_to_liquidity,15,augmented,weekday_3,-0.15204308609667144
flow_to_liquidity,15,augmented,weekday_4,-0.007260592608756967
flow_to_liquidity,15,augmented,weekday_5,-0.03565493493378508
flow_to_liquidity,15,augmented,weekday_6,-0.014778547646033768
flow_to_liquidity,30,baseline,intercept,0.055821422106533784
flow_to_liquidity,30,baseline,current_liquidity_stress,0.3358998200497784
flow_to_liquidity,30,baseline,utc_sin,-0.0675456945093329
flow_to_liquidity,30,baseline,utc_cos,0.02268576687665587
flow_to_liquidity,30,baseline,weekday_1,-0.03934010890332891
flow_to_liquidity,30,baseline,weekday_2,-0.1325445784158163
flow_to_liquidity,30,baseline,weekday_3,-0.1574512647085651
flow_to_liquidity,30,baseline,weekday_4,0.001525797797607766
flow_to_liquidity,30,baseline,weekday_5,-0.02515654309848941
flow_to_liquidity,30,baseline,weekday_6,-0.0033705844800860658
flow_to_liquidity,30,augmented,intercept,0.04364865542570761
flow_to_liquidity,30,augmented,current_liquidity_stress,0.33499158589792366
flow_to_liquidity,30,augmented,current_absolute_common_flow,0.01795503155005701
flow_to_liquidity,30,augmented,utc_sin,-0.06870121595339992
flow_to_liquidity,30,augmented,utc_cos,0.021933359784439173
flow_to_liquidity,30,augmented,weekday_1,-0.039630128998803124
flow_to_liquidity,30,augmented,weekday_2,-0.13351361134823728
flow_to_liquidity,30,augmented,weekday_3,-0.1586593589802829
flow_to_liquidity,30,augmented,weekday_4,3.8908336649125215e-06
flow_to_liquidity,30,augmented,weekday_5,-0.028375799033833332
flow_to_liquidity,30,augmented,weekday_6,-0.006224101240907346
flow_to_liquidity,60,baseline,intercept,0.06035791321969771
flow_to_liquidity,60,baseline,current_liquidity_stress,0.28703222406017787
flow_to_liquidity,60,baseline,utc_sin,-0.07635001548828077
flow_to_liquidity,60,baseline,utc_cos,0.01357670028989421
flow_to_liquidity,60,baseline,weekday_1,-0.04434080703840106
flow_to_liquidity,60,baseline,weekday_2,-0.1528992634362066
flow_to_liquidity,60,baseline,weekday_3,-0.16144237680581985
flow_to_liquidity,60,baseline,weekday_4,0.0056839986773893686
flow_to_liquidity,60,baseline,weekday_5,-0.0221399719841823
flow_to_liquidity,60,baseline,weekday_6,-0.005056851334541464
flow_to_liquidity,60,augmented,intercept,0.06553846752057063
flow_to_liquidity,60,augmented,current_liquidity_stress,0.2874222609655716
flow_to_liquidity,60,augmented,current_absolute_common_flow,-0.007650437900808666
flow_to_liquidity,60,augmented,utc_sin,-0.07585646550672334
flow_to_liquidity,60,augmented,utc_cos,0.013892864858061352
flow_to_liquidity,60,augmented,weekday_1,-0.04421115148331287
flow_to_liquidity,60,augmented,weekday_2,-0.1524799181639084
flow_to_liquidity,60,augmented,weekday_3,-0.16092799565310165
flow_to_liquidity,60,augmented,weekday_4,0.006336952025766943
flow_to_liquidity,60,augmented,weekday_5,-0.02076543065989522
flow_to_liquidity,60,augmented,weekday_6,-0.003832908475040808
