draw,beta_binance_to_okx,beta_okx_to_binance,beta_difference_bo_minus_ob
1,-0.008650858808220014,-0.03462387468168849,0.025973015873468473
2,-0.01779063650243848,-0.03955716161349717,0.021766525111058692
3,-0.001974154340788297,-0.03515024697992065,0.03317609263913235
4,-0.01869766233325633,-0.049961804639873965,0.031264142306617636
5,-0.006542561908996804,-0.04133423747831131,0.034791675569314506
6,-0.01508158476939158,-0.044848928782295676,0.029767344012904096
7,-0.01998047842931525,-0.03918696094123028,0.01920648251191503
8,-0.027134685771090575,-0.04890328541373185,0.021768599642641277
9,-0.018305800091932684,-0.03662258606373597,0.018316785971803282
10,-0.01820774563640893,-0.02929121199597566,0.01108346635956673
11,-0.01554836735114772,-0.01820391107356689,0.0026555437224191677
12,-0.0016449378358815618,-0.04428951577081113,0.04264457793492957
13,-0.004686348856398185,-0.03443630191818537,0.029749953061787186
14,-0.011514916835126213,-0.028658163005520907,0.017143246170394692
15,-0.013122314990755295,-0.030715266368381667,0.01759295137762637
16,-0.017126856867089424,-0.050111083912306294,0.03298422704521687
17,-0.009086485058767448,-0.028742620405106795,0.019656135346339348
18,-0.014844737375992468,-0.05853496421459388,0.04369022683860141
19,-0.005071804014591735,-0.033377746247321524,0.028305942232729787
20,-0.008074595896908522,-0.040490707658046174,0.03241611176113765
21,-0.01422238151397105,-0.03171512061941105,0.017492739105439997
22,-0.010480017361285406,-0.04211304467892732,0.031633027317641914
23,-0.0115598268523248,-0.04402515951407067,0.032465332661745866
24,-0.02000870701187309,-0.03199223059505939,0.011983523583186297
25,-0.011141389089728832,-0.04902441225100278,0.03788302316127395
26,0.0029940556673438714,-0.018295362885056298,0.021289418552400168
27,-0.00752632962305771,-0.04213212819844973,0.03460579857539202
28,-0.026722663266005205,-0.024436451724923442,-0.0022862115410817625
29,-0.026402338489596576,-0.047545742120678906,0.02114340363108233
30,-0.012943571183240138,-0.03948695882286021,0.026543387639620074
31,-0.012843332925943099,-0.03727593616282514,0.02443260323688204
32,-0.02363964401912334,-0.046591880201870745,0.022952236182747405
33,-0.011439187541730966,-0.03868526213394214,0.027246074592211175
34,-0.009254704215375009,-0.02965363160170856,0.020398927386333553
35,-0.009211243884458138,-0.0527759087620289,0.04356466487757076
36,-0.02653723249607036,-0.03285122923152733,0.0063139967354569684
37,-0.017972358649977357,-0.03737838752119099,0.019406028871213635
38,-0.024090437029136626,-0.03496623338126494,0.010875796352128316
39,-0.016702954551553323,-0.034966083016447866,0.018263128464894543
40,-0.02611645744601158,-0.04606963191193181,0.019953174465920227
41,-0.012895344943320883,-0.030878340062155195,0.017982995118834312
42,-0.013049018048773658,-0.02601900347843981,0.012969985429666153
43,-0.012379486404562356,-0.03549518932720338,0.02311570292264102
44,-0.0035091340648931387,-0.03168230437413534,0.028173170309242202
45,-0.009641897205810504,-0.03672673242971628,0.027084835223905777
46,-0.0015610490373423628,-0.04390338904227736,0.042342340004935
47,-0.016243023352127697,-0.04175976829153757,0.02551674493940987
48,-0.010948766385775676,-0.03810773967429077,0.027158973288515097
49,-0.016259543270444606,-0.0340512512060313,0.017791707935586695
50,-0.010583064542077776,-0.03536323932580041,0.024780174783722637
51,-0.012917768884049722,-0.03424557551984362,0.021327806635793898
52,-0.018713733951592322,-0.03439965657767622,0.015685922626083898
53,-0.007790616280622849,-0.031913266188914886,0.02412264990829204
54,-0.006697244820643874,-0.04597217208501565,0.039274927264371776
55,-0.019516449970021756,-0.03659154537412048,0.017075095404098725
56,-0.0049149067442037404,-0.05241681431160399,0.04750190756740025
57,-0.01518643803463883,-0.05029322861943801,0.03510679058479918
58,-0.01062727005470507,-0.03883853211477142,0.02821126206006635
59,-0.017638785073200738,-0.04475981613606826,0.027121031062867524
60,-0.0013517550532587473,-0.04909755144617485,0.0477457963929161
61,-0.007240474334733666,-0.04027245910365549,0.03303198476892182
62,-0.022535176310790363,-0.028226288399493704,0.0056911120887033415
63,-0.018811536062436372,-0.025631809332816714,0.006820273270380341
64,-0.013117159499244252,-0.028609211710588885,0.015492052211344634
65,-0.011752698684009376,-0.035309274350270176,0.0235565756662608
66,-0.016368738883404604,-0.056208791273334384,0.039840052389929784
67,-0.010828402370343137,-0.026009319003794485,0.015180916633451348
68,-0.018898316681712532,-0.036056329955114035,0.017158013273401503
69,-0.00756736170932463,-0.046398894294821566,0.03883153258549694
70,-0.018856324333363594,-0.020645458762371012,0.0017891344290074176
71,-0.0077380579599484215,-0.0416174094314575,0.033879351471509084
72,-0.012306356187995651,-0.04057012886227049,0.028263772674274837
73,-0.014899275668172932,-0.028170483728224515,0.013271208060051583
74,-0.019873989429202616,-0.03480522162195881,0.014931232192756192
75,-0.01791908248849894,-0.04170069689040547,0.02378161440190653
76,-0.012402636638059352,-0.04079264980664038,0.02839001316858103
77,-0.021559072279852615,-0.03709926358781584,0.015540191307963223
78,-0.010795079704773397,-0.04566942468950919,0.034874344984735794
79,-0.0055338945654316,-0.0346819494396207,0.029148054874189096
80,-0.013391407721688066,-0.04261672907036527,0.029225321348677204
81,-0.007084750006878999,-0.037177634120329074,0.030092884113450076
82,-0.006977048859026121,-0.045701993933263685,0.038724945074237564
83,-0.019518422931452648,-0.04724335305133383,0.02772493011988118
84,-0.014055840051560138,-0.02962925616351824,0.015573416111958102
85,-0.022642483889803135,-0.03909217102478305,0.016449687134979917
86,-0.007140971428266396,-0.03258515508283521,0.02544418365456881
87,-0.007626252271140006,-0.04019247083974815,0.03256621856860814
88,-0.03122672446749637,-0.03768167926601494,0.006454954798518573
89,-0.020026321421591775,-0.03872669022882421,0.018700368807232436
90,-0.02619113832475876,-0.04053143802157621,0.014340299696817448
91,-0.015161424356569702,-0.032592164603707285,0.01743074024713758
92,-0.0074546052414214995,-0.04972897012061943,0.04227436487919793
93,-0.01606640293277404,-0.022657040869973066,0.006590637937199027
94,0.0001744555478211996,-0.032230004277931414,0.032404459825752616
95,-0.019550734338888157,-0.026607564395067448,0.00705683005617929
96,-0.014341520783473454,-0.031852737983963646,0.01751121720049019
97,-0.02685395178209841,-0.027266110037608725,0.00041215825551031357
98,-0.005737796096400373,-0.03343638501294504,0.027698588916544666
99,-0.017463789182390804,-0.016542646162119447,-0.0009211430202713568
100,-0.021570472119631257,-0.032166060239063064,0.010595588119431808
101,-0.012492665654229759,-0.033577275319097655,0.021084609664867894
102,-0.009555602510189384,-0.028495700752716763,0.01894009824252738
103,-0.007912224440203237,-0.03876611135682786,0.03085388691662462
104,-0.010863981645816501,-0.041019568882453096,0.030155587236636597
105,-0.013460935066460386,-0.03154355286925431,0.018082617802793924
106,-0.007077474321990937,-0.04044619497498054,0.033368720652989604
107,-0.023683748241167247,-0.026617622850762145,0.0029338746095948984
108,-0.008274105312512037,-0.038831294568806664,0.030557189256294626
109,-0.003137945273495919,-0.05339275768608196,0.050254812412586045
110,-0.02608260856349168,-0.03312730530102593,0.0070446967375342485
111,-0.018650888333810428,-0.03996969681220363,0.0213188084783932
112,-0.015685624575915158,-0.041509640539153375,0.025824015963238217
113,-0.015262134657687353,-0.0393741223117362,0.024111987654048844
114,-0.01916582333449243,-0.04512178467683863,0.025955961342346203
115,-0.015397601466813352,-0.04926156386393313,0.03386396239711978
116,-0.007144669875300501,-0.048303909314995466,0.04115923943969497
117,-0.005923840812225501,-0.0477846002065152,0.041860759394289696
118,-0.01510340991721095,-0.04844317968763403,0.03333976977042308
119,-0.008433257334368886,-0.04339281056024169,0.034959553225872804
120,-0.012732713415916858,-0.03186139364634981,0.019128680230432953
121,-0.014442475167586698,-0.0530240273188696,0.0385815521512829
122,-0.007575130911982791,-0.032661268400513636,0.025086137488530846
123,-0.01712071534520524,-0.024042094690728984,0.006921379345523743
124,-0.013762683296090908,-0.036339399029424235,0.02257671573333333
125,-0.018231265452567695,-0.04117766012161857,0.022946394669050872
126,-0.01639798728366214,-0.02769994525854341,0.011301957974881267
127,-0.021207129296747947,-0.037993141394466516,0.01678601209771857
128,-0.00658042917373074,-0.032077304812571476,0.025496875638840736
129,-0.008738850460732358,-0.0404756341185074,0.03173678365777505
130,-0.0030277854802348704,-0.03637258787369621,0.03334480239346134
131,-0.008495428986248003,-0.03461344857755808,0.02611801959131008
132,-0.00713042763130962,-0.02515979412330426,0.018029366491994638
133,-0.008069811955239885,-0.028690983667714935,0.020621171712475052
134,-0.020903485389730768,-0.03635871312989576,0.015455227740164994
135,0.0019411668575605905,-0.029473495554147012,0.0314146624117076
136,-0.014067813441675276,-0.037096870027405214,0.023029056585729936
137,-0.001899224382648608,-0.022076072239863073,0.020176847857214464
138,-0.006445845475181559,-0.05630939734731072,0.04986355187212916
139,-0.010133573941768805,-0.02854449831115307,0.018410924369384265
140,-0.024539064346093445,-0.021154222690709434,-0.0033848416553840105
141,-0.018932564609347516,-0.04371541530761458,0.024782850698267064
142,-0.00655797831205834,-0.03667341742312758,0.03011543911106924
143,-0.024272456869476863,-0.04125455639801015,0.016982099528533287
144,-0.006488547337785108,-0.03391386591201307,0.02742531857422796
145,-0.026776121342848073,-0.040031112388445186,0.013254991045597114
146,-0.011114861827926191,-0.046212471376570655,0.035097609548644465
147,-0.008472927707462725,-0.03148804796129898,0.023015120253836258
148,-0.021985477784241186,-0.039527669069417334,0.01754219128517615
149,-0.01859736025173275,-0.038657164405991304,0.020059804154258554
150,-0.006058753509679573,-0.024541855801186924,0.01848310229150735
151,0.0043725735171457475,-0.04967156091890111,0.05404413443604686
152,-0.02592506878022531,-0.04465621765631685,0.018731148876091543
153,-0.013067963832601519,-0.041910966825869415,0.028843002993267898
154,-0.007981944407085063,-0.048308210144444426,0.04032626573735936
155,-0.010850444385557217,-0.03842835419157315,0.027577909806015932
156,-0.006825799743416231,-0.047446616266663154,0.04062081652324692
157,-0.006181702570926836,-0.034943065097678645,0.028761362526751807
158,-0.006831870256292897,-0.0213547442282651,0.014522873971972203
159,-0.016236649012900103,-0.0408412609405225,0.024604611927622394
160,-0.017893469753057403,-0.02848730718101645,0.010593837427959045
161,-0.019747989624111596,-0.03139729524040564,0.011649305616294042
162,-0.018529246069231536,-0.04357653548788814,0.025047289418656603
163,-0.009594493619505165,-0.036914971105508954,0.02732047748600379
164,-0.0070078805278305616,-0.04136031599804107,0.03435243547021051
165,-0.017904337474862753,-0.03199186805758384,0.014087530582721088
166,-0.021840576877364935,-0.04129162429159722,0.019451047414232283
167,-0.0026638421839463304,-0.020894793308783476,0.018230951124837146
168,-0.011521612028035005,-0.03744893387271468,0.025927321844679677
169,-0.006561608477133081,-0.048370699113864546,0.041809090636731466
170,-0.007382139328382362,-0.03834555019565068,0.03096341086726832
171,-0.01385375805823368,-0.03234646964574636,0.01849271158751268
172,-0.007667008943205521,-0.04486222756711481,0.03719521862390929
173,-0.007859045426525687,-0.026854659994783127,0.018995614568257442
174,-0.022831658533483904,-0.02618869805993045,0.0033570395264465452
175,-0.013116505326482682,-0.043678785059955545,0.030562279733472864
176,-0.014432042772521907,-0.026095306402936072,0.011663263630414165
177,-0.004020979719966745,-0.04233965859779404,0.03831867887782729
178,-0.01719018991095919,-0.04345144729021571,0.026261257379256518
179,0.002738548523387365,-0.044509728110087896,0.047248276633475264
180,-0.022127994732261572,-0.036595981411349864,0.014467986679088291
181,-0.015447167774325461,-0.03585604623608299,0.020408878461757526
182,-0.009865810228460052,-0.04295986346155278,0.03309405323309273
183,-0.019967967620590117,-0.0342879727273448,0.014320005106754685
184,-0.01018534690806594,-0.04293850024869991,0.03275315334063397
185,-0.003179432187823523,-0.03757292619694164,0.03439349400911812
186,-0.019890247186481663,-0.03425631699692158,0.014366069810439919
187,-0.012593987632909674,-0.030324916422663238,0.017730928789753565
188,-0.019791453183095376,-0.04252806503166317,0.022736611848567793
189,-0.014158503091389482,-0.04000659657260155,0.025848093481212066
190,-0.012541893458869089,-0.030139697518139077,0.017597804059269986
191,-0.0024378524809104004,-0.02182610157648757,0.01938824909557717
192,-0.005413953498700207,-0.03434108615121513,0.028927132652514925
193,-0.01744748500536764,-0.03918140888092816,0.02173392387556052
194,-0.008118872466159612,-0.023258928226732128,0.015140055760572516
195,-0.009966509485786446,-0.04272555628193328,0.032759046796146836
196,-0.014495044838648689,-0.04612168607922112,0.03162664124057243
197,-0.010951624274520283,-0.03431886951917143,0.02336724524465115
198,-0.008204004047401944,-0.02839539093547773,0.020191386888075785
199,-0.020261164742253555,-0.026155692681357545,0.005894527939103989
200,-0.008179532697737392,-0.044272248321710096,0.036092715623972704
201,-0.007593339997866687,-0.05133826069613028,0.04374492069826359
202,-0.008561685146846462,-0.02407685149662661,0.01551516634978015
203,-0.009309454525441524,-0.03225169514725351,0.022942240621811986
204,-0.015820145362318253,-0.029977646628871507,0.014157501266553255
205,-0.018179206524388234,-0.03740462790166627,0.019225421377278038
206,-0.013052107749215424,-0.02564843950437483,0.012596331755159404
207,-0.015914448605916405,-0.04631778904608344,0.030403340440167036
208,-0.012088420544264391,-0.050462554641945156,0.038374134097680763
209,-0.005301880473677007,-0.04667800587855857,0.04137612540488156
210,-0.01028531501968839,-0.046555488376301433,0.03627017335661305
211,-0.012636121561621316,-0.03472273854175886,0.022086616980137547
212,-0.015315035232778787,-0.04294832124372577,0.027633286010946986
213,-0.017820871555263455,-0.029160007001691496,0.01133913544642804
214,-0.016773745272448043,-0.044352379301494514,0.02757863402904647
215,-0.0054518133524478355,-0.04029232986540442,0.03484051651295659
216,-0.010535769031892038,-0.04919563698062807,0.038659867948736035
217,-0.017506069986061346,-0.04899747286745107,0.03149140288138973
218,-0.008074022034489571,-0.038238879935480655,0.030164857900991084
219,-0.015009262237778624,-0.02369169549900957,0.008682433261230945
220,-0.014245058028543148,-0.02493850958664919,0.01069345155810604
221,-0.023881294145897305,-0.04159033090995224,0.017709036764054935
222,-0.015163231486440979,-0.04027864573020062,0.02511541424375964
223,-0.005544583679831758,-0.05708296870991854,0.05153838503008678
224,-0.006744110925814195,-0.025914772253973945,0.01917066132815975
225,-0.006045077153645009,-0.03533814923530925,0.02929307208166424
226,0.0006591051311387781,-0.030237298925722234,0.03089640405686101
227,-0.004311337021524288,-0.025415084252775562,0.021103747231251274
228,-0.0042541965192246485,-0.05066903318479676,0.04641483666557211
229,-0.019396269089287616,-0.0382248123722454,0.018828543282957782
230,-0.007333851268756122,-0.03554748058790668,0.028213629319150557
231,-0.00907066651708607,-0.04247222997440824,0.033401563457322175
232,-0.02418947368094521,-0.04485630591053241,0.020666832229587203
233,-0.012489091879801805,-0.04949361294048725,0.03700452106068544
234,-0.023074397501844167,-0.03736715331923483,0.014292755817390666
235,-0.01976255464015193,-0.03173243300592952,0.011969878365777589
236,-0.01872941424772722,-0.040138085404886205,0.021408671157158984
237,-0.02403941568901265,-0.033948189204341096,0.009908773515328446
238,-0.006374821091727469,-0.031230962304464042,0.024856141212736573
239,-0.017308326475373215,-0.036414938142145734,0.019106611666772518
240,-0.01580700237034733,-0.03954041534859195,0.02373341297824462
241,-0.012006751848733774,-0.042440642116696244,0.03043389026796247
242,-0.016588650525022827,-0.017854340887239018,0.001265690362216191
243,-0.020382318397883466,-0.036073671534101376,0.01569135313621791
244,-0.01208918250383154,-0.035254306569975184,0.023165124066143645
245,-0.002449725250592729,-0.027474733606289787,0.025025008355697057
246,-0.007294957765883195,-0.03920352808225793,0.031908570316374736
247,-0.0010635903590251834,-0.04658481177120916,0.04552122141218398
248,-0.01312571947833342,-0.03596186587789138,0.022836146399557958
249,-0.0211268653401388,-0.02799114315460652,0.006864277814467721
250,-0.011531877399470454,-0.03914053883976666,0.02760866144029621
251,-0.012899438605962103,-0.024689682907404684,0.011790244301442581
252,-0.008748229081702195,-0.03069766404439951,0.021949434962697315
253,-0.018598206780245503,-0.039138296616770964,0.02054008983652546
254,-0.0156474385001588,-0.02881720433966112,0.013169765839502322
255,-0.02045681450166942,-0.03549079903343141,0.015033984531761985
256,-0.011487381514682975,-0.04273357269172576,0.031246191177042783
257,-0.010129437999048217,-0.03812063880220098,0.02799120080315276
258,-0.01421695934755126,-0.017067714452582435,0.0028507551050311747
259,-0.013079764137482104,-0.02788835598757694,0.014808591850094836
260,-0.0023121040623979095,-0.03920214446351509,0.03689004040111718
261,-0.002809985214854896,-0.03282037940730499,0.030010394192450097
262,-0.02405151148224837,-0.026620670475774752,0.002569158993526381
263,-0.01707161552050847,-0.02992949237203075,0.012857876851522277
264,-0.011465697143897986,-0.03373941292718562,0.022273715783287636
265,-0.012532226429522961,-0.018773537461199766,0.006241311031676805
266,-0.01458356512548724,-0.05348582723864811,0.03890226211316087
267,-0.025114063683753934,-0.0331234238386885,0.008009360154934565
268,-0.007812947375741326,-0.025043996872175463,0.017231049496434135
269,-0.013945344448504801,-0.03973380583092422,0.02578846138241942
270,-0.020505891056636073,-0.027650182930849206,0.007144291874213133
271,-0.01726749893660308,-0.0417419107373407,0.024474411800737624
272,-0.01088308396743608,-0.015842740716940223,0.004959656749504144
273,-0.014847729613488488,-0.04085037896293611,0.026002649349447626
274,-0.012936677982083537,-0.05243536903621051,0.03949869105412697
275,-0.007315902647883331,-0.03085844524883019,0.02354254260094686
276,-0.0066039068668771305,-0.03814185564464701,0.03153794877776988
277,-0.013143649249653392,-0.040091656063760445,0.026948006814107053
278,-0.00997921141946578,-0.03680440703896443,0.026825195619498653
279,-0.02460780964109673,-0.02274423614539317,-0.0018635734957035584
280,-0.012362195550222596,-0.029751029821865012,0.017388834271642416
281,-0.014090349089438585,-0.03394858028746078,0.0198582311980222
282,-0.009407277526464862,-0.022275023663534947,0.012867746137070086
283,-0.019428684705019357,-0.029347970031421068,0.009919285326401711
284,0.0027238815691478205,-0.03852604508046257,0.04124992664961039
285,-0.019663632363775024,-0.05669575216384421,0.03703211980006919
286,-0.02031543506507942,-0.03784459988644983,0.01752916482137041
287,-0.0027177116040572684,-0.05156058358291813,0.04884287197886086
288,0.00027468575497524616,-0.06211007239542676,0.06238475815040201
289,-0.023422908715250854,-0.03866937250791029,0.015246463792659436
290,-0.01842070210726819,-0.04765235698420606,0.029231654876937865
291,-0.02089733940711872,-0.050894052292859385,0.029996712885740663
292,-0.011315825400418499,-0.06477352988419305,0.05345770448377455
293,-0.011908651458977485,-0.03081802383083365,0.018909372371856165
294,-0.012421061302753894,-0.04331342145879602,0.030892360156042124
295,-0.02578031071346632,-0.028570008295638917,0.0027896975821725956
296,-0.027909242580520657,-0.03665202418930034,0.008742781608779681
297,-0.005498847697360159,-0.03310737437189664,0.027608526674536484
298,-0.02367568208702724,-0.03958925234404299,0.015913570257015747
299,-0.013644620543916653,-0.03129518438461922,0.01765056384070257
300,-0.011931682661848658,-0.050549222845263565,0.03861754018341491
301,-0.018185008089823828,-0.036763844865324344,0.018578836775500516
302,-0.010049823983211125,-0.03565922120016941,0.025609397216958284
303,-0.019009052944603737,-0.04331608901801891,0.02430703607341517
304,-0.015619879371497376,-0.055303791691818,0.03968391232032062
305,-0.014617506197987814,-0.04273544115726408,0.028117934959276267
306,-0.016940339098056912,-0.054678195548682355,0.03773785645062544
307,-0.018491463782663677,-0.0374756717148729,0.018984207932209222
308,-0.013456869994528787,-0.04307671746402746,0.029619847469498674
309,-0.008602618698840134,-0.04392441281384258,0.03532179411500244
310,-0.006333784638959575,-0.03644668632742643,0.030112901688466857
311,-0.014385852105242812,-0.04175579480979275,0.02736994270454994
312,-0.005085015722020373,-0.03881981581747736,0.033734800095456985
313,-0.01197311198566863,-0.03989115926636704,0.02791804728069841
314,-0.015023873675444334,-0.03487634719121208,0.01985247351576775
315,-0.022915864605560735,-0.040877558291036564,0.01796169368547583
316,-0.011452586218050302,-0.03061543923615724,0.01916285301810694
317,-0.005686515662790859,-0.042174109556758405,0.036487593893967545
318,-0.019109752575917367,-0.02313811406666109,0.004028361490743725
319,0.0005712746646008312,-0.04794194714325063,0.04851322180785146
320,-0.01594310441911999,-0.032006733797205505,0.016063629378085517
321,-0.0204367508378374,-0.04910357231566868,0.028666821477831277
322,-0.021999914935688227,-0.04934274680363875,0.027342831867950525
323,-0.0165854503576566,-0.041832302444068485,0.025246852086411885
324,-0.012173504845615229,-0.033603695472135764,0.021430190626520535
325,-0.019518818137661414,-0.0303021460401838,0.010783327902522385
326,-0.011435441089158643,-0.03370803793099887,0.022272596841840228
327,-0.017163926631752594,-0.035725783458442094,0.0185618568266895
328,-0.003493851059976927,-0.0323856231261873,0.028891772066210374
329,-0.01868353306425215,-0.03262099195883319,0.013937458894581038
330,-0.015439976230206985,-0.03545296723533517,0.020012991005128183
331,-0.010624700042431625,-0.04124525315712441,0.030620553114692788
332,-0.01571475849519161,-0.036802145086917405,0.021087386591725796
333,-0.009402267003292664,-0.044510083506963775,0.03510781650367111
334,-0.014380324587507397,-0.036464907918226305,0.02208458333071891
335,-0.0022095702040055803,-0.043251336424911656,0.04104176622090608
336,-0.026749927536722607,-0.021371734053860805,-0.0053781934828618025
337,-0.012845911733342374,-0.052080937261999,0.039235025528656625
338,-0.023960001986603714,-0.031139685704599993,0.00717968371799628
339,-0.010934978549244176,-0.042435156844812284,0.03150017829556811
340,-0.010339931123892355,-0.047610188498533344,0.037270257374640986
341,-0.02572937224663544,-0.03979619158364711,0.01406681933701167
342,-0.025490726303184778,-0.03372558079644093,0.008234854493256154
343,-0.014648429983022352,-0.046419660078972705,0.031771230095950356
344,-0.01714749083293491,-0.035292302432111476,0.018144811599176566
345,-0.016253344159132904,-0.049845740161962894,0.03359239600282999
346,-0.011766489639258056,-0.038120147152763864,0.02635365751350581
347,-0.008580415353550584,-0.03340813466627682,0.024827719312726232
348,-0.022650282330447358,-0.033829590069096846,0.011179307738649488
349,-0.01657090650385079,-0.032029255174590335,0.015458348670739544
350,-0.011248766734401876,-0.049449235873459424,0.038200469139057544
351,-0.011398611314309276,-0.031660011561474966,0.02026140024716569
352,-0.0020085258738407425,-0.028594988109821307,0.026586462235980563
353,-0.006368798023826823,-0.045814030180985336,0.03944523215715851
354,-0.020946423277106326,-0.021374868077984315,0.000428444800877989
355,-0.006524907576258915,-0.028431463902049696,0.02190655632579078
356,-0.028016566740829467,-0.03442110245738639,0.006404535716556921
357,-0.013796985960926485,-0.05049201191361437,0.03669502595268788
358,-0.011766991434182942,-0.03486760727990036,0.023100615845717418
359,-0.012613035141515194,-0.0386447710003324,0.02603173585881721
360,-0.009947241113066873,-0.03809338761546412,0.028146146502397246
361,-0.002712256048158174,-0.02377602749784508,0.021063771449686904
362,-0.0084307458285697,-0.044562442476988026,0.036131696648418324
363,-0.01648027553792566,-0.03614621539392529,0.01966593985599963
364,-0.0152069481531367,-0.04350361854708043,0.02829667039394373
365,-0.011226839224035796,-0.035126767740619895,0.0238999285165841
366,-0.020995869966028074,-0.038942499942660115,0.01794662997663204
367,-0.005369807632612488,-0.042681110137860134,0.03731130250524765
368,-0.010454007072028032,-0.04650025834751723,0.0360462512754892
369,-0.016715006591535447,-0.02591991367264133,0.009204907081105884
370,-0.021487286119623004,-0.0176893648550956,-0.0037979212645274027
371,-0.0031024481561032226,-0.054618475918470924,0.0515160277623677
372,-0.006284654516542097,-0.040536120459814355,0.03425146594327226
373,-0.014790375802046958,-0.03422988411286289,0.01943950831081593
374,-0.014309296285991374,-0.035976836708996957,0.02166754042300558
375,-0.021136464161926296,-0.03417013240035655,0.013033668238430256
376,-0.016430153723759357,-0.02527181244348541,0.008841658719726052
377,-0.011548219777192587,-0.039174059763022566,0.02762583998582998
378,-0.011391710519277874,-0.039940647366928796,0.028548936847650922
379,-0.01003370200844919,-0.0461538465025269,0.03612014449407771
380,-0.017866361375873035,-0.024917421569757507,0.007051060193884472
381,-0.008419899463349456,-0.02533506375811341,0.016915164294763953
382,-0.009829908275163175,-0.03317935410039742,0.023349445825234245
383,-0.022668521314857352,-0.029129405871157928,0.006460884556300575
384,-0.015024415291691644,-0.028937716133313186,0.013913300841621542
385,-0.017932490608225233,-0.027732206409347118,0.009799715801121885
386,-0.024722856018223518,-0.044051283975206905,0.019328427956983387
387,-0.022894240504299612,-0.02001499690412281,-0.0028792436001768007
388,-0.013202166034332807,-0.028962782500005047,0.015760616465672242
389,-0.007602760344935924,-0.030830933419940976,0.023228173075005052
390,-0.011670029704886259,-0.04051078704793182,0.02884075734304556
391,-0.012538691639507216,-0.04088135403260821,0.028342662393100994
392,-0.006507986149473931,-0.049569533021408145,0.04306154687193421
393,0.007551391379415878,-0.033599411611526006,0.041150802990941884
394,-0.01833492162989755,-0.04417888757054385,0.025843965940646297
395,-0.012888509254443138,-0.03574384329987301,0.022855334045429873
396,-0.017408575430358217,-0.054307320938519574,0.03689874550816136
397,0.0035056128878798326,-0.03232892134328416,0.03583453423116399
398,-0.012044877150159958,-0.023548543347449956,0.011503666197289998
399,-0.020730317231658506,-0.03981383738855827,0.01908352015689976
400,-0.016578388393140426,-0.04536802179416504,0.028789633401024615
401,-0.014064373779180017,-0.02380790420589317,0.009743530426713151
402,-0.01603558482746001,-0.034862096493678066,0.018826511666218057
403,-0.008689565526643541,-0.04336367735490729,0.03467411182826374
404,-0.01596728026640746,-0.0400070798040188,0.024039799537611338
405,-0.01776998193818069,-0.02681706176355781,0.00904707982537712
406,-0.017293143148538852,-0.01841849974778748,0.0011253565992486274
407,-0.01750901318676279,-0.05077749816291708,0.03326848497615429
408,-0.01770880095017392,-0.026248250452381005,0.008539449502207086
409,-0.018115689331847155,-0.021891317775629318,0.0037756284437821634
410,-0.012984360727160301,-0.02752542153503791,0.01454106080787761
411,-0.0038116898259801953,-0.04094629124241504,0.03713460141643485
412,-0.00951358633344823,-0.03476691223837553,0.0252533259049273
413,-0.004605314551926529,-0.03226040313609006,0.027655088584163535
414,-0.011957593405680216,-0.04109952363082684,0.029141930225146627
415,-0.00783459782933925,-0.04845070225151097,0.04061610442217172
416,-0.023068348458028597,-0.03447531554575565,0.011406967087727052
417,-0.0159239306909009,-0.0633449274360752,0.047420996745174304
418,-0.017170616485095217,-0.03775743650424034,0.020586820019145125
419,-0.005385666254733804,-0.06087870762710998,0.05549304137237618
420,-0.015978470160459623,-0.036767396175834514,0.02078892601537489
421,-0.02361198143989314,-0.028228678419764907,0.004616696979871767
422,-0.009437696425420264,-0.0562953239342987,0.04685762750887844
423,-0.012918311866790487,-0.013913304014897366,0.0009949921481068793
424,-0.013042833537986933,-0.0466294268621185,0.03358659332413157
425,-0.009546235346716014,-0.05081457604499686,0.04126834069828085
426,-0.02332528971183842,-0.033496551672108875,0.010171261960270454
427,-0.005719416054472412,-0.03636113674446101,0.0306417206899886
428,-0.012318531484948212,-0.035319541458652404,0.02300100997370419
429,-0.014069555300264524,-0.03385719953766255,0.019787644237398025
430,-0.010549471124063087,-0.05434226179469255,0.04379279067062947
431,-0.005075377122426352,-0.03475566788872667,0.02968029076630032
432,-0.013125608317106716,-0.026452028559901627,0.013326420242794911
433,-0.013080698529518212,-0.03879479498606017,0.02571409645654196
434,-0.018748085008550675,-0.059424566850602975,0.0406764818420523
435,-0.00843134385183036,-0.040815536272049154,0.032384192420218796
436,-0.029541747471285264,-0.049042111177038064,0.0195003637057528
437,-0.025326231285160004,-0.028722742813316555,0.003396511528156551
438,-0.016567883975094386,-0.023062570312705918,0.006494686337611532
439,-0.028379329899639472,-0.04918954199599496,0.02081021209635549
440,-0.007921296160274422,-0.029526342769038986,0.021605046608764562
441,-0.0026479090035824633,-0.029400605707575796,0.026752696703993332
442,-0.025629775348931946,-0.02334319565082284,-0.0022865796981091056
443,-0.005263133727814266,-0.03586979010572787,0.030606656377913603
444,-0.009784181212937535,-0.039960485096642344,0.03017630388370481
445,-0.027218395926991143,-0.04197364939400131,0.01475525346701017
446,-0.014395402045977678,-0.03120387222728448,0.016808470181306802
447,-0.01827067960221067,-0.027816342941398477,0.009545663339187806
448,-0.007489125240371066,-0.031012711480095132,0.023523586239724066
449,-0.015362220701750614,-0.051030780646818166,0.035668559945067554
450,0.0008369005488554413,-0.039633893042979096,0.04047079359183454
451,-0.013142810952366269,-0.0374464390872183,0.024303628134852033
452,-0.02899240239031682,-0.04146115094185158,0.012468748551534757
453,-0.014032051013621403,-0.022100114552948934,0.008068063539327531
454,-0.0059611764112485815,-0.03813578133749136,0.03217460492624278
455,-0.0222666879669886,-0.02821434207889294,0.00594765411190434
456,-0.010910359815567993,-0.03524002420655073,0.024329664390982737
457,-0.01598927909013582,-0.05241243901048521,0.03642315992034939
458,-0.014465391996687187,-0.025886310911553523,0.011420918914866336
459,-0.019117628737805602,-0.05882238128360892,0.039704752545803315
460,-0.019073524281607163,-0.04703319202378332,0.027959667742176154
461,-0.011415877020207176,-0.03672813817574715,0.02531226115553998
462,-0.023123578729830584,-0.035153798231337255,0.012030219501506671
463,-0.015668590023405177,-0.02721471988503663,0.011546129861631452
464,-0.01033241787089295,-0.05268056670006362,0.04234814882917067
465,-0.026427464002370633,-0.03157489994823134,0.0051474359458607045
466,-0.019041134233778755,-0.03706332261830113,0.018022188384522374
467,-0.004955953573528354,-0.04673123647526385,0.041775282901735496
468,-0.021598192328224627,-0.024159138550359106,0.002560946222134479
469,-0.008525865939115149,-0.044885242519149375,0.03635937658003423
470,-0.0024966399032372933,-0.03890818409286913,0.036411544189631835
471,-0.009792267409134777,-0.03478243855204138,0.024990171142906602
472,-0.004500944801246152,-0.03647618602032848,0.03197524121908233
473,-0.01998546175236272,-0.02145611536020354,0.0014706536078408182
474,-0.027478591376945277,-0.042558077282878255,0.015079485905932978
475,-0.020965063271066682,-0.042830879874278735,0.021865816603212053
476,-0.02025568419819283,-0.053554050141065686,0.03329836594287286
477,-0.0057167654649408475,-0.038133538005114924,0.032416772540174076
478,-0.01673078308401296,-0.04689199138742428,0.030161208303411322
479,-0.0073367283002358525,-0.022938602607901117,0.015601874307665265
480,-0.024531750280024207,-0.03919678023730716,0.014665029957282954
481,-0.008901939259171956,-0.03757346801087801,0.028671528751706057
482,-0.018179441961716496,-0.04171880271351225,0.023539360751795753
483,-0.0022145156557198805,-0.05443171199839911,0.052217196342679226
484,-0.014553609161159275,-0.028210600272403547,0.013656991111244271
485,-0.020010677640436646,-0.04155095265663229,0.021540275016195647
486,-0.01445417469906737,-0.031483297543870074,0.017029122844802704
487,-0.016005872031479747,-0.04230167550328969,0.026295803471809945
488,-0.0062696410139471345,-0.03874082370713175,0.032471182693184615
489,-0.016700440499359998,-0.024134570320951395,0.007434129821591397
490,-0.008629444188601787,-0.0362400239796875,0.027610579791085714
491,-0.01768515742077454,-0.04487757688447007,0.02719241946369553
492,-0.00790340857721988,-0.04896317627482361,0.041059767697603736
493,-0.02167429844549351,-0.04789065777592559,0.02621635933043208
494,-0.015022556633680705,-0.03529149720616962,0.020268940572488917
495,-0.021138395292486196,-0.05371764300129084,0.032579247708804646
496,-0.010469750777038005,-0.032280139485799525,0.02181038870876152
497,-0.014420877731387054,-0.047455744311141954,0.0330348665797549
498,-0.020092241612821318,-0.046668122495149275,0.026575880882327957
499,-0.009657439110991633,-0.04641468344575451,0.03675724433476288
